AirPollutionIndex,CO2Emissions,IndustrialWaste,EnergyRecovered
37.454011884736246,92.56646441930982,52.341136747181196,42.60554899197819
95.07143064099162,270.9504736891791,49.395759814399966,102.95629357265861
73.1993941811405,436.47291793820415,181.25091610420733,112.60488229979512
59.86584841970366,366.1124432047806,49.90923996990122,84.5049317418125
15.601864044243651,403.28057393072487,54.3899452257262,95.13749213955819
15.599452033620265,329.3916833553587,151.87965248359274,61.10260275186115
5.8083612168199465,346.1382822589262,89.947968490108,59.44426881872239
86.61761457749351,424.59782578265964,155.34211139103624,114.12804597959757
60.11150117432088,124.83400442959297,13.073231512877047,35.95287599280813
70.80725777960456,244.71248182157024,97.51423873467687,78.68122949545536
2.0584494295802447,110.60472090980112,6.7227200366565265,12.184181811263977
96.99098521619943,493.8340039983235,12.530640691070904,132.48252648022196
83.24426408004217,472.02966984330664,181.28749066888219,102.67572507961528
21.233911067827616,19.713405684252947,27.849074223519033,22.901612998311748
18.182496720710063,352.7875862578442,106.48413645504343,62.70771802949166
18.34045098534338,462.6241587078329,82.2191205201413,108.81042228138914
30.42422429595377,90.28767256366676,69.46866525176854,20.964765505010405
52.475643163223786,283.97261527631474,179.9666691374545,47.962098147199924
43.194501864211574,457.74414879402093,4.3646793550979,101.54436835591358
29.122914019804192,16.97298929289942,132.75793723511782,17.038377345039585
61.18528947223795,348.71013362341995,192.67888684271009,79.50780099716528
13.949386065204184,148.6745036862754,112.03363669236839,20.02335713571432
29.214464853521815,462.1980976882652,187.36449240661835,89.91058498227999
36.63618432936917,485.5291225826839,10.451575857204753,119.39658645717634
45.606998421703594,472.13324455671693,83.75866381483227,120.02826989973657
78.51759613930136,237.1071083287319,52.03155819241023,95.9620562150853
19.967378215835975,431.0213254946567,146.16419299614597,77.97384844934388
51.42344384136116,422.2746992675352,196.25941809944933,77.2802431034223
59.24145688620425,159.55023662162782,51.30601248884956,52.265522907309965
4.645041271999773,414.4577370753387,130.8349202948149,74.73338108741501
60.75448519014384,18.50381735774631,39.61952655194803,20.478464149320274
17.052412368729154,298.13493924102653,113.06605091432198,47.275079792187256
6.505159298527952,115.00441864385152,92.78649733766724,20.41269245976641
94.88855372533332,60.28344288863941,194.4010659263074,39.57433533205929
96.56320330745594,38.47660081460458,121.70545453929331,44.13434631683541
80.83973481164611,348.1443879390699,69.90127441736375,95.47366420489996
30.46137691733707,169.93748188403308,22.819156977586672,44.632261995658816
9.767211400638388,362.3833857643807,30.24936574698691,65.09301483581362
68.42330265121569,32.678170399471185,45.06338599024702,45.14293091772525
44.01524937396013,157.64516891530516,50.1933322680596,58.86981859047267
12.203823484477883,269.7456461876686,170.12321156822756,24.57684120056897
49.51769101112702,395.36158241948175,112.24455765650498,83.31159762188527
3.4388521115218396,159.37625146603494,104.6781822748733,8.16156557057979
90.9320402078782,312.94568821850453,22.953774373843494,99.25954096618668
25.87799816000169,442.9888741180936,172.027938669887,83.49960033872725
66.2522284353982,307.9315940911523,144.56286064169674,65.75969477477459
31.171107608941096,116.47973737681689,13.533672380000317,28.309535910580763
52.00680211778108,12.20039077826901,141.56701944595375,4.247203549133978
54.67102793432797,435.04943695046495,108.70764346852921,105.54731030439349
18.485445552552704,10.63470542519357,16.345069149355652,10.428600316742004
96.95846277645586,437.3508363420997,91.66012830573129,119.56601029270222
77.51328233611146,264.468567013606,96.93925742600939,83.72463754956996
93.9498941564189,469.5338492564481,33.15490803265515,132.09942528036092
89.48273504276489,399.3916178868327,189.13962940005646,102.98917705548281
59.78999788110851,498.96705526666875,169.99507429613237,129.42342346726014
92.18742350231169,175.35590772585508,133.80446746582166,81.18905706764816
8.84925020519195,383.59414446556343,92.45911220012144,58.90173040642053
19.59828624191452,200.96545680462108,82.3531083169017,50.05424782898306
4.522728891053807,239.9378101519544,130.19469343019082,45.34342267781462
32.53303307632643,313.75273160918505,109.08637388138109,56.62579258433594
38.8677289689482,436.83855709316936,12.454621176377124,113.74389022301887
27.134903177389592,492.04173459964755,102.50052975406633,117.1050647173432
82.87375091519293,384.1367069322591,161.2807234465679,90.91069643694736
35.67533266935893,208.88339108366688,91.84797551939161,41.254518789331044
28.093450968738075,210.6785011385351,10.391315510853683,65.31990882942571
54.26960831582485,368.79115079444574,157.2556398768066,87.8824234373774
14.092422497476264,119.38857288415117,40.27275642719488,32.411412935244115
80.21969807540397,55.23705656569733,51.72416697760775,49.39073581708565
7.455064367977082,177.31107882038827,32.94127068645918,39.80258008870172
98.68869366005173,143.61949582704088,66.04301297429951,58.199223414893254
77.22447692966574,148.15406022799505,151.350301137727,63.58119746287367
19.87156815341724,116.80387552495498,103.87717190078747,34.6047419158986
0.5522117123602399,21.046594818180942,40.97625483014251,-1.90610810387822
81.54614284548342,8.936967366706906,175.56601563040817,24.569093834903647
70.68573438476172,493.8611948680158,175.91637099030584,101.21239404139624
72.90071680409874,213.88656686793118,174.11568500920137,66.9586508348938
77.12703466859458,192.16332357984084,47.75924227630786,77.94083223977611
7.4044651734090365,339.82364134653494,90.24786883619763,62.020263802398645
35.84657285442726,109.12694393253209,196.99793122817502,31.292415689607573
11.586905952512971,474.98059197511265,154.40249526199807,82.00854953527981
86.31034258755935,393.17250720777605,5.433484245111964,126.8923835697597
62.329812682755794,44.705501156129756,13.040918252098411,28.60527136047285
33.08980248526492,208.79038789246417,92.78627536246655,48.788829776136254
6.355835028602364,439.55915378108233,181.84404117231202,71.16180157425809
31.09823217156622,472.36601114570516,107.74035959054285,101.50136157627928
32.518332202674706,233.70075562493486,99.56250160685805,49.34779777730493
72.96061783380641,306.70569460535387,21.094739991326115,94.39724788212469
63.75574713552131,83.5169730460376,131.3560209448588,43.70613779689736
88.72127425763266,495.58431306848826,164.4206321200451,122.66779415812731
47.22149251619493,115.8358506917217,76.08400150151246,23.10374523890377
11.959424593830171,471.3658870675628,155.1223701850655,102.2364917339753
71.3244787222995,324.8233244961842,192.8953307801623,95.15191196927523
76.07850486168974,303.86839743942954,40.753291825537815,81.81497578512081
56.127719756949624,256.3442555082543,104.66592623894826,75.7631964086828
77.0967179954561,115.33490585887934,57.42759161691511,50.842833302298985
49.379559636439076,88.26401600275413,158.57088380676788,29.120366791404177
52.27328293819941,110.24310453508768,115.5186731762315,39.575636348629025
42.75410183585496,93.21913107212725,126.91648351006076,24.98515077818364
2.541912674409519,389.79223678337667,159.58283192317882,55.433463845698256
10.789142699330444,175.06262958336504,79.19409453249098,25.58227728992653
3.142918568673425,28.921338281698183,183.01801368140863,-20.10799358227694
63.64104112637804,484.5513150704057,106.605773449228,109.75198415004292
31.435598107632668,441.89294248171285,31.5909645670696,100.2655081929584
50.85706911647028,463.8761415976065,139.1798236337605,97.12818062327287
90.7566473926093,497.45391132321765,158.6522700876509,135.8243996093093
24.929222914887493,86.94762460974364,63.35233541350534,38.39136439140122
41.038292303562976,198.12100945132937,171.4358513997506,37.199230488371875
75.55511385430486,379.11923785204567,181.22865095315328,97.87258440760002
22.879816549162246,348.0103090268961,55.38089747556179,80.50073143543351
7.697990982879299,76.94795316992753,196.7042945430444,4.2881793803134585
28.9751452913768,407.9165624953089,28.142305609751684,94.01620726293588
16.122128725400444,112.22028591833033,40.403133680497994,33.891632361913715
92.96976523425731,111.90880741131154,36.844967847605226,70.00463684143702
80.8120379564417,268.4872114467068,178.79794200157409,63.84704284413183
63.34037565104234,296.46996742085156,130.85851046499238,86.56989090708497
87.14605901877177,290.0431039189056,30.420856644454574,107.41247300138897
80.36720768991145,45.743418698877434,88.06468367366979,32.892958175578414
18.657005888603585,438.7304313151902,123.05960501396041,85.1480070604198
89.25589984899777,132.80002129435303,16.69281699787666,76.35196241169253
53.93422419156507,64.75746064140209,176.48327368146775,20.17713866012256
80.74401551640625,444.3740399344886,160.72070708830702,123.90452551393027
89.60912999234932,477.82574911487666,101.04135471532764,153.90430429381084
31.800347497186387,431.0638086327253,193.42532305183408,74.91054284360503
11.005192452767677,404.75803736243904,83.55219585501995,64.2885380818319
22.793516254194166,327.62099031951084,196.82206380729957,60.27693576631806
42.71077886262563,275.4286853045696,133.58399976072542,70.29835156741564
81.80147659224932,43.493379955705066,126.93425465078829,34.59732508373915
86.07305832563435,204.22660653534936,33.190979059157,95.0953591971817
0.6952130531190703,186.344258506157,176.3855516609288,6.591845064465566
51.07473025775657,129.8768918801631,85.49793758412304,49.892135976814714
41.7411003148779,361.71005684429247,32.44668115649587,83.90928520305891
22.210781047073024,247.9378675393854,2.521503995151808,77.63459269397138
11.98653673336828,40.52310795382397,111.95113672767651,22.827929816362463
33.7615171403628,110.09160097490567,105.47992442453527,20.68452044487553
94.29097039125192,341.629381829798,143.8707244738317,95.58871775511658
32.320293202075526,38.06542974515009,178.05161060356042,14.563950359509759
51.87906217433661,425.60345702438434,15.881316928605905,105.60078430128945
70.30189588951778,247.57326350698716,146.29929806807246,69.5815586600267
36.3629602379294,240.293288663324,37.482388819516444,62.745783175101955
97.17820827209607,296.2038923297588,171.6354106314328,71.46960997687995
96.24472949421113,412.3404829625746,163.81270277233122,114.070813601445
25.178229582536417,173.90460395109653,108.15875099710888,29.656882741134886
49.72485058923854,339.0080762795318,142.0485597246623,73.52795635406167
30.087830981676966,282.8659819978955,62.87002263674968,79.76642966143076
28.484049437746762,133.51413508471066,94.23357978656293,18.956424814366663
3.6886947354532795,439.31499317757897,164.32737954209432,81.40665991651278
60.956433397989684,398.71301080346404,91.85303943464278,98.2458856129053
50.26790232288615,329.22591732921273,71.55965306508836,81.02556763581846
5.147875124998935,425.290864547121,98.84248945005997,85.65158048743479
27.864646423661142,433.64710047990116,165.64985048744367,87.49727120475534
90.82658859666537,354.18148835751737,67.04160947417455,115.25156099461402
23.95618906669724,418.506664181836,34.75231862714876,101.88604211232958
14.48948720912231,348.7357308346418,142.40280406615616,59.43852553304067
48.9452760277563,340.0703858801502,165.19564254161637,69.84478359066905
98.56504541106007,309.3056891075922,20.127495704706668,98.27940569099982
24.20552715115004,376.3583197788206,47.97482255118894,74.32283997643071
67.21355474058785,79.30255264653685,28.39439795219878,76.11879235746866
76.16196153287176,440.4353795994642,69.58828231643332,131.65602426205325
23.763754399239968,435.921763872616,90.07019578108253,76.54846673395471
72.82163486118596,14.623641517279573,149.7652673926613,11.134439427347065
36.77831327192532,412.9083752823813,130.22951697633482,92.76654061199037
63.23058305935795,64.4349337367226,124.18571349568623,37.55635490123454
63.35297107608947,167.55942712957093,70.47498932193088,63.62971038493947
53.57746840747585,371.75412814580386,168.289510616952,81.76105083566652
9.02897700544083,80.3799480241541,94.25743347963291,9.910192159558942
83.5302495589238,408.9835120595311,195.82098760303091,107.2585236726586
32.07800649717358,416.06708897887097,126.82842765914737,87.42850834137957
18.651851039985424,253.7338668804181,25.252948312900546,35.35440033731093
4.077514155476392,3.19293585841679,135.2355124150868,-13.144203297839063
59.08929431882418,143.5190665874564,65.0208030863398,43.23231582566626
67.75643618422824,308.4634591878711,137.26543933721948,83.59648018505149
1.6587828927856152,490.59308901371173,13.928229632481148,127.40777631192114
51.2093058299281,315.90676350833417,34.97628743519188,88.96319352785474
22.649577519793795,129.9017905320799,171.14745178115726,17.055104826473176
64.51727904094498,317.00285154980565,45.43591140470298,100.33363370973585
17.436642900499145,269.99268985792776,167.408225048588,50.80291578906845
69.09377381024659,389.9226975755718,55.855217690882085,111.14684955566787
38.67353463005374,53.490319413479206,128.57638201174154,23.245698928705266
93.67299887367345,380.513951251014,138.8301147019662,129.6217138651383
13.752094414599325,270.63328933805514,102.53095062901059,39.44072565875048
34.10663510502585,481.4960019294973,61.062135339346256,111.98262517259231
11.347352124058908,170.93608301934304,42.528875274219224,26.34419383866076
92.46936182785628,316.31094656697405,6.637870912485244,114.3882095994969
87.7339353380981,466.0140527550087,60.78928024814476,121.80398508037538
25.79416277151556,51.254863995339626,130.6325581062566,5.911130238149199
65.99840460341791,468.61424361822554,187.66096368969653,105.00505551400535
81.72222002012158,343.94286115040666,174.2408964526104,101.98375978832817
55.52008115994623,33.91852955258595,153.21295530706053,28.40699539920839
52.965057835600646,150.48178347340811,157.68946865065973,28.352764982952124
24.18522909004517,354.0860443226408,132.99698069519906,70.15946645002934
9.310276780589922,33.67530073438585,52.0573715132006,-0.9113371616396542
89.72157579533267,291.08523008813665,181.43900614116598,72.34888419442372
90.04180571633304,172.94152847647837,134.1464623811668,64.02439181110181
63.31014572732679,310.45775888373856,112.08812619608798,79.45298413624411
33.90297910487007,22.871016906256425,22.197893842696214,43.573068412871926
34.92095746126609,435.7684030761881,89.41110876128508,100.00264672334913
72.59556788702393,486.74448458869847,92.07165424038526,110.66334042967077
89.71102599525771,484.4389276428457,172.91272190453398,118.80428629403518
88.70864242651173,374.82591587146237,109.3296440375577,118.60037293808654
77.98755458576238,65.04312006531599,76.08010979408193,65.27881805523545
64.20316461542878,379.1315979645113,195.36006570213186,72.53206220802389
8.413996499504883,12.293458229400755,22.144118665263136,-14.347965822284172
16.162871409461378,11.061775764498627,84.50968566238892,20.552474045109342
89.85541885270793,161.80510957477063,8.404935034281058,80.34437961158902
60.642905965958995,244.32159520233287,147.98082415338607,55.704762289343805
0.9197051616629648,385.2037089038966,183.61531043983013,64.48535417885215
10.147154286603211,341.6476883032526,56.007465910097885,41.44489082277356
66.35017691080559,222.95135318837416,171.66833535982417,60.63228062306681
0.5061583846218687,136.81333314083292,58.44364609237955,25.04959293967042
16.080805141749867,498.5622500788556,182.15403232878305,98.78015074914606
54.87337893665861,213.09065111798648,150.7923807193568,44.83662209706556
69.18951976926932,225.69351216483773,160.98135536828772,64.49219839480702
65.19612595026005,81.81191059583459,3.6013111200909,39.34606772169198
22.42693094605598,397.4047743749647,192.5620714148052,73.9920507632836
71.2179221347536,346.84111289074434,145.33419841406464,81.49030058048896
23.724908749680008,110.38480639438019,60.95021907722666,23.763385354391172
32.539969815926774,41.19052280792135,165.8789329717694,-2.0379577755315754
74.64914051180241,340.24965103735656,56.304239682985994,106.2554389133105
64.96328990472146,327.25560714056763,174.5507679132256,89.06220075571834
84.9223410494178,136.62976349910466,22.516078082387402,65.18930971671695
65.76128923003434,475.4317811252052,140.73719549215915,114.27566124044256
56.830860333547164,75.52894589045012,108.13969532898207,18.221335665629965
9.367476782809248,216.16740052130095,19.306894039088164,42.989762611688136
36.77158030594335,471.80796008379946,48.37876565176779,107.40745943413735
26.520236768172545,209.86365846306114,2.480807255462958,81.19270026145196
24.398964337908357,319.26297383204275,93.75359309290117,55.557047368330984
97.30105547524455,198.79719898139714,60.25305215200007,97.02643470622607
39.30977246667604,137.107601174335,119.67149685955177,45.07784451690792
89.20465551771133,491.9888239799141,59.44756154172344,139.8617004455675
63.11386259972629,204.66700315752152,59.98382230139694,84.0781545431791
79.48113035416485,447.04960183956723,148.63863974632068,118.00767629643245
50.26370931051921,114.97730294554309,9.62856719567069,51.05605048148043
57.69038846263591,106.55235201254165,180.57899903839746,31.566558199811084
49.25176938188639,15.56704144225568,170.45277487823628,22.92970431575698
19.52429877980445,325.83341268794254,133.56093664528132,72.53743060107143
72.24521152615053,184.26317186188058,118.64431402147686,54.85403585834156
28.07723624408558,432.17912491981855,178.46049962793046,69.43592119722578
2.431596643145384,236.60495334577857,37.066035905742886,42.800379026197554
64.54722959071678,484.09671395736086,15.793832438165722,119.51318869903753
17.711067940704893,92.76275785156058,47.90203398190762,21.98263639632025
94.04585843529144,434.3115839778054,158.91565574003806,130.3680617860444
95.39285770025873,388.2984263958709,6.934053345296665,120.08969224390597
91.48643902204485,385.460922322026,116.56136701669793,110.75103346064208
37.01587002554444,422.39161405844385,199.08750323826197,83.65773484871875
1.5456616528867428,380.51199547149946,171.13921876750788,68.24561686604531
92.83185625877253,313.1101608157077,104.2891378087179,76.14015317180996
42.81841483173143,65.62243884119378,12.728181857328469,27.193874050718662
96.66548190436696,16.263089745625958,166.27470287714198,37.07072553638919
96.36199770892529,460.4239239078434,119.79570163544211,140.28700303675572
85.300945546736,308.325157260369,22.986599411913367,97.09781980918842
29.444889206958567,398.26864548808817,18.77145696467124,73.73350094421107
38.50977286019253,240.76117575627504,181.92536388731847,55.41169965228079
85.11366715168569,58.65409448119724,133.84005258761567,34.55002332506443
31.692200515627768,62.59289610127522,165.8573598633511,-0.11772309916979395
16.94927466860925,342.78264361448566,175.79578005645345,53.20813415442419
55.68012624583501,215.15294744973136,114.35447040966444,57.589951995338836
93.6154774160781,100.26236335016836,103.48927035100826,50.46383769758977
69.6029796674973,245.79727337071844,86.08548206419803,53.29673573048184
57.0061170089365,32.104468537567044,63.38931755822386,37.5556824250306
9.717649377076853,290.9857009571994,86.91919217174235,67.11279607559129
61.500722669916975,134.49670221754883,154.77593114603127,48.68732857726019
99.00538501042632,398.7795503185941,120.38468620302632,105.84327724438118
14.008401523652402,155.18097946178688,178.5046579909692,18.17501551561148
51.832965236373674,227.6100745409006,88.67600287583754,62.50568408648862
87.73730719279554,5.810269954050318,121.4179157437508,38.876859908451856
74.07686177542044,36.22344389727944,126.26151061839775,38.34037349250713
69.7015740995268,196.24677820334242,118.3394324612651,54.92446145652041
70.24840839871092,239.96941735856174,140.52675461710328,69.88536777349307
35.94911512197552,300.01027405965186,47.48669367496126,77.80074705157443
29.359184426449335,145.83128935465163,102.47275550915813,48.156797754706844
80.93611554785136,347.4909430632713,20.844960561669534,114.92681572866022
81.01133946791808,430.0611985946023,76.90226552896252,126.71824977373844
86.70723185801037,389.9254944466749,97.53341372425288,112.42363972520849
91.32405525564712,19.809412674178574,130.4448519090945,50.68401642378487
51.13423988609378,240.25347362891446,190.1062105172407,58.704821576700695
50.15162946871996,52.46508920908744,120.13021330967118,14.944932143474645
79.82951789667752,121.02250793126373,148.71878323531195,63.28108191231222
64.99639307777652,493.33129663357323,101.25321189904055,128.01816740108913
70.19668772577033,71.24777145075662,126.82080627526626,32.23537731422504
79.57926694361011,249.44407672567803,14.186443226754687,83.46487482027277
89.00053418175663,309.07786715905956,50.878316168369395,104.1937643572609
33.79951568515358,351.232485272052,72.37061864102773,84.54104098556026
37.5582952639944,279.82434174345707,94.49867100130271,67.2670715368704
9.3981939840869,4.88542370959183,9.129749100476747,7.87629355834299
57.8280140996174,163.23065412199594,28.004819510663538,75.75922966890533
3.5942273796742086,258.85582169235573,55.36286155826116,58.747423394830996
46.55980181324602,43.93324957241668,194.30653818021014,14.542252915735576
54.26446347075766,175.3134656045904,66.26940142061015,64.98109052191073
28.65412521282844,16.601554395683284,96.4082116224165,-2.318686711966169
59.08332605690107,39.28924857751037,39.219542547678586,37.456828988652845
3.050024993904943,198.46163810079804,122.15601421515365,47.094802192927816
3.7348188749214417,66.35787702153017,56.136643103194864,7.344861577523529
82.26005606596583,283.7704241307791,41.398515687685354,85.26792200417934
36.019064141126286,344.73248456863286,103.31452568919582,70.10368752943953
12.706051265188478,400.2933495545414,1.1011598320841642,75.40524918687024
52.224326005480435,100.07512212240505,1.5328065298450655,38.12628769295969
76.99935530986109,83.74129112953487,43.81376182037155,47.16147871290007
21.582102749684317,52.28392016720013,7.344272500164228,6.457737966479341
62.28904758190003,318.21512477181835,21.605150826138274,92.78321700219588
8.5347464993768,353.2378632434506,67.77212986775032,77.16050464946997
5.16817211686077,15.793072412821019,160.51713591596257,-19.386574852070872
53.1354631568148,468.1061231218449,114.40972867386017,123.94082257180806
54.06351216101065,25.985641825736206,102.53354519128328,27.083450811800184
63.742990149820656,270.64816765053524,58.69776464162433,90.43715799709553
72.60913337226616,354.5302597254582,186.35074388656327,81.99719870404701
97.58520794625346,435.4845618730428,79.40300824743834,136.49446779365763
51.630034830119534,357.0434660662139,17.4185533591543,84.562516288434
32.2956472941246,400.86404153489593,123.41330322356026,92.88177664005055
79.51861947687037,169.72509627140303,22.76767869532028,73.1459545211191
27.083225126207424,407.4125568732561,69.04462856033842,93.65217328156893
43.89714207056361,40.05742319233757,101.48238774356177,8.055870843144627
7.845638134226595,447.4083280302638,174.84450493703517,66.9693357566965
2.535074341545751,273.79618807686813,98.70931606802374,52.12812536187798
96.26484146779251,408.64888498124685,140.45175320633285,106.33354236727033
83.59801205122058,226.15914225915006,198.56336779981407,71.80656061845012
69.59742060936979,321.78884759826246,26.297823979596323,82.85531936177532
40.89529444142699,263.2013304680566,54.9463051039039,76.0750249306011
17.329432007084577,365.7947608776659,78.91521511952928,61.60691351943745
15.643704267108605,40.81499101529479,84.36563570776627,13.071286142631864
25.024289816459532,30.1760419952819,82.20421505310915,16.583241138435238
54.92266647061205,123.55161700507323,181.52220051131098,27.051718400893833
71.45959227000624,79.77234005659417,142.80652889337128,43.2238769278321
66.01973767177313,435.89178329610087,121.58104281814074,110.63454384662823
27.993389694594285,109.60699367902215,61.87454357255642,24.342220663918546
95.48652806631941,487.93262790956567,164.75807684425894,118.76843508988489
73.78969166957685,168.44789588555344,191.0121022969978,31.856957865473543
55.43540525114007,91.05895784434964,164.2396565100453,33.00202901643237
61.17207462343522,394.84925357123956,0.31302103829458083,93.8765582085155
41.96000624277899,329.35388775043805,127.2802740366814,75.07619526222206
24.773098950115745,249.09785822656949,10.227076288420145,58.54893133070727
35.597267865126156,277.6817754688156,51.52144406674437,74.97427237403372
75.78461104643691,359.6008891361319,11.904940069554337,105.60153434859076
1.4393488629755868,114.22737066564936,120.75909058987754,8.194761642158998
11.607264050691624,498.16695802837097,137.31798269852135,99.02393240405084
4.600264202175275,487.3965810733916,22.897527613181023,100.84027584528904
4.072880231897013,325.16284317346845,76.7677766089959,62.55379066157039
85.54605840110072,99.77122546457257,91.2473017911084,58.295220012439295
70.36578593800236,340.11412121564564,73.81060435218332,80.46893554484092
47.41738290873252,36.09920448958792,24.20500009703861,36.075919142449806
9.783416065100148,15.326251102903033,83.78955803749508,5.702690389517195
49.16158751168324,128.84144425560683,150.23560956168362,25.158690365029656
47.34717707805657,231.31147836965815,14.201532906651092,66.0749261855528
17.320186991001517,434.13625270419027,16.03600281638069,93.49067087842445
43.385164923797305,363.584534883154,70.95425836719684,85.96909575779243
39.85047343973734,371.3532605999905,188.345142323785,78.69997427317362
61.585009805221645,212.74666722403768,133.71452934458281,74.28405323127191
63.50936508676438,172.96749627348146,135.73399133451295,63.592449941355476
4.530400977204452,185.51938149230136,72.383998167573,19.008485035991132
37.46126146264712,493.82478186802894,118.73215824170768,111.84307118381908
62.58599157142364,20.05459570624124,2.0262368055486757,48.3906244417593
50.31362585800877,433.51574806122426,127.21920928190843,103.00612681995044
85.64898411883223,289.3377042861967,182.65738951524736,93.33609821699038
65.8693631618945,219.30770959479523,122.51469366896384,84.66745859001756
16.29344270814297,362.6288302075682,174.739718693269,73.43561098732805
7.056874740042984,243.33447071235142,144.79461109321875,40.20895635958719
64.24192782063156,436.71161904083027,24.11168328073805,127.50300413125558
2.6511310541621813,450.35093200562926,180.49066145716836,74.79556411345902
58.57755812734633,210.8604634367277,13.288768871154977,70.37102529675278
94.02302414249576,138.41389861752577,106.79349450955276,60.50079998666045
57.5474177875879,296.1751642966811,28.427424758691533,100.80013286558209
38.816992620652194,456.18167280834547,2.341322146180813,102.2264119979571
64.32882184423532,105.3310945028333,84.4068520255278,60.1136218669127
45.825289049151664,311.4832917817414,59.008141530831246,84.30712996524471
54.56167893159349,315.7801100462603,97.2000987595206,66.72378985107733
94.14648087765252,366.5565112076405,115.43997734691015,112.51703787557756
38.610263780077425,65.7838425636299,8.74781446178947,10.586853880069512
96.11905638239142,357.91248234104427,24.600659024749127,123.43703892524002
90.53506419560637,454.5162603328205,111.72847929008508,133.8502510652487
19.579113478929642,89.84155443512098,68.63347063453165,14.970961006515319
6.9361300875165455,118.77166246193882,145.8346975098896,13.8744047447129
10.077800137742665,485.6975470208198,130.45832971838794,108.67415083869936
1.8221825651549728,90.48847635474489,169.12087259798136,-2.9607677488910387
9.44429607559284,427.1925466847896,138.49856533384505,65.72172497080382
68.30067734163569,246.1389282240174,85.98621547802962,89.59613679244436
7.118864846022898,123.61553720158852,134.59332447888647,34.44907932074845
31.89756302937613,435.3749506362557,55.076234851083704,97.55310487530932
84.48753109694546,222.65262750133274,61.26269975564254,90.76265142725859
2.3271935735825866,257.4086769648451,157.79703198415865,50.28038813665326
81.44684825889358,179.61668469988285,89.28390328031644,60.29352841600788
28.185477477339994,296.47542571746374,159.6760681036705,52.567158718117014
11.816482762165625,81.76193629251138,164.48447473365567,18.12092629776687
69.67371653641507,195.54076832588035,171.51246753225675,73.64390796724302
62.8942846779884,484.70616116764376,183.32704716824145,115.68447845744237
87.74720135270529,129.06671635056378,86.19704410265925,52.26909600117894
73.50710438038858,328.3683322706461,63.773363664227766,115.92049339489515
80.34809303848486,162.59503211234744,116.43974931882278,55.739369031710005
28.203457257130648,386.7365628433003,74.23448468752551,80.67421491675833
17.743954377972283,65.43683035917492,120.2148333600466,13.361238269712683
75.06147516408583,484.91052253927234,141.1171725287649,135.94272904416863
80.6834739267264,226.89477069181962,137.68100369842736,80.49235049740662
99.05051420006733,118.02523167323199,74.91057740402427,69.78790069789673
41.26176769114265,36.748373665006326,33.37204033975056,29.276239845778598
37.201808579278314,84.87895254377037,86.1058676924415,27.401254715583743
77.64129607419969,259.88697427800884,28.51882881638175,93.5275551562485
34.08035402530179,168.50158821564315,178.01940703676166,7.642953175160333
93.07573256035647,414.44168294130475,69.17549214757148,119.54257906298406
85.84127518430118,215.44376183090296,30.891949444664757,85.33341436303252
42.89940273750184,124.35713629381495,5.0895519811501755,34.302032593203826
75.08710677914974,308.572493302015,129.16447725729685,90.20483750236377
75.45428740846823,353.3886084427229,127.38046349094864,93.62210683382261
10.31238688359326,83.52095395047493,68.12083331625833,32.60305788342069
90.25529066795667,83.80960814415883,14.342377769530202,76.18552643800565
50.525237244785714,18.335713466771487,81.9257789790464,16.079127726660886
82.64574661077417,368.20100753282026,62.24349901267872,107.23034779501631
32.00496010306117,331.9022638109025,135.42412794700186,68.10104436292698
89.55232284962005,237.31543787490693,121.15584989053806,75.60706924914138
38.92016787341631,422.08522448459854,72.918745639508,98.53550410995835
1.083765148029836,402.8350764750266,43.57851085099802,69.16822609504455
90.53819764192636,292.6771821983761,197.60719323111837,72.7376625881513
9.128667678613356,434.1356402566293,90.80032423922297,88.53854170571293
31.93136375904149,102.92060501838412,137.65484715604742,29.07961400981094
95.0061967050805,55.959809698863936,28.110593515672157,47.840843344145895
95.06071469375561,134.8748057584948,97.11793993187956,73.74707881301481
57.34378881232861,28.543428044657425,5.507343973893097,27.514068326053163
63.183721216979926,265.58476400051603,101.09102358208999,77.13136343076398
44.84455219783198,468.30284614748075,192.80348142354046,105.00593731218267
29.321077169806454,19.671770334254823,76.84134259716005,10.574632745001058
32.8664545369916,61.0549570050134,7.799202514982317,32.41170753941159
67.25184560770384,226.09951414171763,6.191158183868706,73.06241337493285
75.237452943768,466.93750876395245,77.59735198937389,121.28182719145612
79.15790437258485,158.07805248837525,32.00498729263881,65.93546964590018
78.96181427945538,253.61740434419622,4.670419265637182,82.27156261660082
9.120610304869036,20.78642952519605,151.24272279003537,-8.17442285268763
49.442030470258146,74.17160048104444,91.70460177637814,14.898692165062677
5.755876001664428,493.31506147942343,57.84895439453091,90.84451738584278
54.95288823237355,482.55934821802276,180.01663660329615,103.13789516576502
44.1530501373377,2.469990467204808,23.227792040105122,17.6859464331455
88.77041827582998,475.90589271161946,191.18376579106385,118.0330366424247
35.09150125520787,319.5599689077502,62.793343475470564,74.56076806300563
11.706701642760587,433.95914726001104,177.68073446173625,79.67152200806952
14.299168205283586,227.36992781692956,120.58857529589231,49.3098828777637
76.15106317174723,257.79801428962514,165.34147194829748,66.60333498048622
61.82180633162611,244.42329012846008,196.80263264209285,48.08328937340434
10.112267612279025,333.43212877305217,57.681087563749145,55.55400668194401
8.410680611499743,69.82562737815645,192.2270970815186,-5.924273138719972
70.096913145912,14.986794936338976,77.89637898048407,26.736964484010294
7.276300636419353,153.96497079559546,77.10238094738446,19.020945720615753
82.18600592903562,352.34038136832334,68.07742085090113,91.79217051059342
70.62422271564962,100.92672606147418,108.28152146951705,40.108096148426064
8.134878064189976,336.71621666245863,30.82900863569742,70.14204770215667
8.483771408519193,484.95602305363525,110.74229707160224,96.10915526618207
98.66395785011754,46.95035789470919,108.3409624820008,42.31372372471731
37.427079575612034,336.30105911256317,152.380362520974,66.6057371367869
37.06421470668909,221.87510965228557,166.72999238751711,36.96714695657684
81.27995672575025,434.07112718875266,88.08827006248481,118.33098509062943
94.72485773838586,88.57489472369295,60.46664987029875,50.546456484993506
98.6001063822871,346.31297611308224,51.86697946341889,119.10722859983011
75.33781852589416,419.0576448240551,38.924767340974384,99.72929657431956
37.62595855309158,472.3071097370116,11.529516439804976,108.525152855443
8.350071669866876,341.6240141448229,68.48959576694267,68.66195247912118
77.71469159274368,248.58738200421365,54.04953842615665,85.00821351782395
55.840424973580504,308.9236201006069,193.28347717328148,97.30692542938844
42.42220092469763,434.4524922393591,111.54176525000878,100.44542263089885
90.6354385094736,285.30487331941487,69.4554078061015,85.39260716958952
11.119748230615134,15.19352984841843,116.0935201987392,-3.9654144057733975
49.262510429085914,465.47434775348887,27.8393402691391,97.17972740366231
1.1353644767419069,344.7633755157806,88.80874984044058,59.83348486451541
46.86606419941263,338.25669288862326,125.24686428421276,70.2291236790021
5.630327568183735,107.83757619885859,97.77956635849027,23.75862514361618
11.881791626807193,329.4427351163286,80.35576013086485,58.2984640776275
11.752624677710488,196.93220282707924,198.76967777993963,24.218125968324664
64.92103021160635,325.61648852074603,176.0629524297854,73.6219391529298
74.60448792654233,53.29651515399536,124.68119163188803,52.881941349414745
58.336876509715964,328.92265230151804,113.87547223645656,80.35299383033683
96.21725484745419,499.7068628853333,124.13209596491681,153.9623608390941
37.48705795237041,24.106019430278014,40.26242156448665,27.680008326974807
28.571208628186074,488.58709211065866,79.02754865286371,108.92093514429227
86.85991281894603,203.4539803614353,7.891906578179864,87.01889329711729
22.359583851945263,435.37672516862955,95.10920749736533,92.68218919212454
96.32225394406113,391.19274202913675,108.60491679153263,96.26245790524857
1.2154474689816341,283.5081304933339,45.54994722064192,49.96552116958585
96.98788267076391,369.22460462566323,192.80576943310274,111.50986502904755
4.315991195057611,439.25778065067396,181.8909221874484,71.33148767417771
89.11431136980711,202.0701608255165,144.42864709118118,56.47642467285299
52.77011090862999,163.51658078161935,106.67732575307252,47.896594529556914
99.29647961193004,333.79669278179233,173.99383192953698,116.04925033192471
7.379656473539886,403.9229709706293,26.130468764692584,94.33029270977376
55.38542844013208,381.1425673883079,158.101958854977,87.49099171856959
96.9302535619099,398.9068244293172,24.96416279336966,135.2645681580623
52.30978441701488,217.7916574064665,158.84213250988108,50.16394023513211
62.93986381352625,408.9171080875108,55.15351365027139,90.69928629097096
69.57486889846172,60.10452768530422,175.4181162036378,20.021868484632375
45.454106476777326,272.2445489804248,188.80841876507958,73.92400884304764
62.75580800840635,2.8793302490607853,29.759193881023126,26.237919847619974
58.43143119231002,162.29291495013516,92.53512101307871,49.986946691124
90.11580104909889,183.23076743569894,196.19747563253702,59.085924485686725
4.5446380341457875,198.08634580462768,96.68148719462933,51.262805354265566
28.096318959223034,347.7336033449311,172.70950450290903,82.58351885192747
95.04114840765587,194.27905063517287,117.74630442626398,96.78955622271744
89.02637838909163,224.34681131126533,75.06598158392038,80.28550119440634
45.56567527857129,118.77206543716373,57.15671110517404,43.777824503671944
62.013259780153675,186.62589581467003,40.644618217217456,49.10092173708118
27.738118298113267,113.63481363157574,152.35963827553945,36.12940230900058
18.81211597237613,36.59796188422182,77.30810136460558,-2.682955286107479
46.36984049399822,301.72429669068896,102.25509244015024,75.47202597874816
35.33522280260528,334.1063992775081,98.46509600023639,63.669356380452186
58.365611185087204,309.74517300480727,115.45580584662625,73.69759134145546
7.773463696498483,231.74702190028617,173.11542912491043,24.551969005318426
97.43948076661665,189.8928900896149,196.14786871668588,61.00477892280454
98.62107444796028,431.66682478591264,81.51684171476339,122.10099097819655
69.81617140197451,259.54089256810903,165.5037844212606,64.78319782323223
53.60963663441204,239.5909388148655,152.90555893094353,67.76578930488785
30.952761628632775,12.821032903217844,114.70579029111465,-4.478619564776711
81.37950197069486,170.6239138130782,191.20942872238663,57.89900514586307
68.47311725538793,190.09780939292853,40.09490310568056,80.42622171876721
16.26169393448913,199.41139044845025,21.85284206192428,40.695877205608234
91.09271844938425,290.08618461366615,170.79239339108443,79.3051679008409
82.2537242923169,266.80127336343924,87.82996332674966,83.39887423436883
94.9799913291924,303.9525463967223,169.3937708414121,103.13837994340655
72.571950838836,382.4416307710641,178.61804103908298,96.8535737792561
61.34151959357899,406.49286935804673,12.491518723814288,105.40803884994143
41.82430362906189,359.0615381132472,176.69295259721213,79.89393068933957
93.27284833540132,477.76184797746737,89.66381107388443,122.19949115744143
86.60638895004084,9.116291338180815,102.08649780084644,41.73139806700142
4.521867010618941,97.88899284177305,125.31850221864205,13.39295492881755
2.6366974497252005,3.78143748907106,185.27652134601735,-19.531100623313762
37.64633668780496,323.7373570773015,3.823218885952806,74.8024598862952
81.0553330781833,449.0152744749935,95.36869366356342,111.92704284489943
98.72761293149445,121.74114828814963,137.54440848611213,65.30576863822503
15.041689110352818,463.5172723981533,144.5413915396457,98.05996490573312
59.41307153521351,30.133695144780425,138.5064863074216,15.50954869553273
38.08908566310215,467.21801340275715,26.88702588162437,114.3833099594549
96.99143978146031,175.8113436198172,59.87911767433624,56.79980666123929
84.21189231357087,50.71041422460826,71.7431050834027,39.227541186794824
83.83287047111378,242.9358795931628,160.887441535901,74.10427767189034
46.86931597949703,128.38828386025398,55.751974482910605,34.44028314368991
41.48195023376652,142.4364509809614,42.14099277344063,35.64910228783552
27.340707193070624,153.6449824631433,191.48960380761923,18.57259414371319
5.6375496650927115,401.5129489163317,1.77265702269378,85.86602619680704
86.47223762550531,269.58063833762725,199.56417113639563,75.3225391825748
81.29010091300776,155.65384957800183,135.3642597714791,35.85708206170661
99.97176732861305,305.1668916554592,165.69385988982341,73.24287448006537
99.66368370739053,358.0753371115968,58.92387926923863,109.48586957051903
55.543170560262745,136.31200036676688,2.8630555334119956,59.32454566067907
76.89874151805105,206.77455076267574,147.57390371230602,37.571842113077736
94.47657298824281,60.94304666847378,166.82891940013516,37.746702126286344
84.96473906774115,90.57467476734016,148.09522639070383,40.52530328309401
24.734810174319765,340.5589269824914,28.570057460167718,91.50556251972588
45.05441353100935,90.71917384781347,150.68558445139382,21.752264972799356
12.915941515149498,262.5816918335301,153.7845564215282,47.425743329537234
95.40510272587224,354.5231308612163,131.70810313401097,106.84893862265291
60.617463445088006,53.438461547371915,153.22318655911724,4.368440578034662
22.864280550346272,283.6561098144518,169.18428793554642,58.927005610826235
67.17006844058567,128.28139185068187,122.72082284749169,49.123195360242924
61.81282404578958,481.4634376187899,17.720942793935812,130.5096916640051
35.81627180328405,241.77282335996236,97.52556193344218,95.77252144465355
11.355759219962902,402.99627488757903,15.529866934321014,63.88301849907927
67.15731955927996,275.1132710781309,81.50860620648616,97.69741987222862
52.03077009037933,21.70626642740958,81.42129782512552,19.34003335415547
77.23183917356393,316.5756877970112,13.201968828048315,103.48414930740945
52.01635011119934,475.7016711033285,69.76410679389586,113.71697614386336
85.21815003185401,300.8059100731656,22.19961975826297,96.30793172075339
55.190683877448556,409.59442971339513,161.64704200184443,87.65119439883127
56.093797153538624,442.1032316742039,189.53760519289415,100.80887174805078
87.66536026583451,114.03988597446624,14.463295051587721,50.022590855934936
40.3482866212397,106.02241995411332,191.0230414583403,29.782114830826146
13.401522845064074,305.49049442549585,104.51531986734904,53.18538427204377
2.8782676313338973,205.51423490335236,59.91313559077478,25.249973846856374
75.5137255673619,419.9306514333602,15.372415055232702,115.70562298487161
62.03095513534647,450.0115616990056,100.12485361408356,123.57679671469172
70.40797680992236,176.71068965135905,158.90310889814972,49.3024645752558
21.296416150891073,118.43527948724103,141.41729545333962,23.77807060965598
13.637147558676975,390.2627576219309,10.045202292794752,76.55704231729047
1.4544665667881929,137.40301777406805,14.580367073580703,34.329018630085834
35.058755880659696,411.3071592568392,80.57465652652742,98.588421526947
58.991768685463306,211.86912682438142,59.05809880958866,84.44998815961318
39.22440450997323,333.7749496457352,46.476864611209564,79.96386626802055
43.747492202372904,47.76765691733409,56.20089978174272,32.49373555405806
90.41586944937484,311.9296623382865,160.69654865937693,92.50488772179648
34.82554670233004,225.88383936861456,185.84561072637078,56.963697970881
51.39894891598108,293.30423158773704,81.02053890551329,69.06994300889932
78.3653012741143,84.00710387243171,181.22220042649943,45.31190449766636
39.65427823212701,368.43687247209107,64.2991402495764,85.13762662435727
62.20867002278735,431.39853877161426,95.28739726875833,107.21342126775572
86.23637087467452,108.36990004538782,45.205799563199946,61.189110334578565
94.9520623657642,47.85727776008086,128.0952084351688,46.76036985564817
14.707348092903793,11.819293023168198,195.79622303496177,-11.024380083630225
92.65876251614944,320.985750221633,120.69861920867572,100.60380121323901
49.21162930795382,303.54701804439037,71.56281682270978,93.94011715620586
25.824438829895836,273.348706357035,129.56348919810569,64.48010862269653
45.913575623826134,115.97354805798771,24.584135693077513,52.384629779171824
98.0032575285477,195.45299795275733,177.73181605307974,65.76365148927864
49.26180939928696,297.23816759308653,100.61679015596727,65.12445092038082
32.875161028750824,248.38342942958468,89.86994840792842,66.68027714187703
63.34008543167258,493.8927601074437,117.17295769070384,127.4917668935526
24.014561877819308,68.21987627836657,124.9567725578805,27.88228569630474
7.586332810866391,347.5722770237969,14.355161245302606,65.83229942597002
12.887972191064922,202.15938405214607,136.5234442446805,30.928031927890157
12.804583895777244,214.09980746280738,48.386336063105915,27.98877820888516
15.190269351229436,358.79888282908814,142.79052650131797,61.151147530691816
13.882717264941014,346.21807566218484,164.50695887683935,69.69998298301802
64.08747448032146,495.62799685109417,160.79170151050405,110.42521266704718
18.188008439914483,64.19714472706262,110.50019348157782,17.288211769220222
34.56672833238632,52.054824692083166,104.03397846215023,15.385900198416657
89.67884099060119,362.1694085643706,28.575192267882343,117.65635326360209
47.39616402628724,289.19345850320457,155.0692300806271,54.55293680756514
66.75577385210272,137.08033327990293,54.28187608934287,56.21786046943667
17.231987120162984,39.7096844944933,99.33908456358931,-23.287337706386012
19.228901880867078,42.82912479821527,56.85481858550334,10.625832459906412
4.086861626647886,447.09543733205913,26.76567259993863,72.48121858259051
16.893506307216455,95.93366235937145,125.91153937834731,27.102276853115946
27.85903390319586,161.68578105776038,10.866406964580765,52.95410599433705
17.70104842767468,113.328201113494,149.72904682524,21.20996957367295
8.87025337570556,177.49815291596866,63.517359052223334,48.79308363741798
12.06358711006008,34.711921373046685,0.026938600897064013,3.482318761301297
46.077876803272574,259.52989545413516,102.22582784744596,82.1959666868743
20.63337184057925,33.80628179610745,9.370381705520625,25.462819751562904
36.42698610480755,400.1782539111808,55.23391156417989,90.3601998060325
50.34172708548569,116.85604095521651,141.39529749114322,45.758743456501264
69.03948286293652,270.0059573022553,12.537924324373172,76.20420533536567
3.9312139841098936,440.0395437807291,167.86769847120047,64.94160428580398
79.94103989090426,325.4386845235971,0.7639845317166216,98.89596116460288
62.79003894909078,266.47889327566764,49.36477384038045,74.46454366500073
8.17590319488719,162.1668765576878,148.1808112304143,11.137669358337194
87.35786241067773,166.50095652909897,63.254029945861355,82.88455018752578
92.08724005318132,334.74347759909506,20.378477613202705,108.36592378139109
6.107795985486375,497.06968061058376,72.04678376008557,98.78820542242018
27.687764814720374,330.9195949246893,54.078657276905105,68.91642200047073
80.62012797930613,278.8917086850125,168.54238043211097,61.0281346779593
74.82596903836584,365.325255119623,62.66958351702863,106.91165077531888
18.45210193563773,232.60280614185908,157.78649435520146,20.845413006472768
20.93493233367103,30.071171300392606,178.37442896214694,-2.0420829301553445
37.0472102791382,281.1484079389549,86.76348391530591,52.393787947501394
48.45229851910213,478.8126422526901,181.9886287708784,121.66257482530933
61.825477153029595,87.65147117882982,75.46361079263858,50.01029895476412
36.891363956977244,345.0024454103329,192.81568329802164,69.22214064346784
46.25347161331479,100.46684432952824,17.857904905114587,54.07138095859827
74.74709381337566,267.91384223654063,137.40385330064854,68.75277024927375
3.66832028905979,48.33822482335981,98.76280809138574,7.060318086764213
25.243694434402077,225.18546812909256,77.52976109112942,51.904069071093744
71.33495858845524,378.08166444762304,126.54237574972018,101.26977542211692
89.52068376871993,173.78576211949104,140.77141832686624,78.16388747663923
51.167744211566614,332.45586224360903,0.8726539300618175,99.31270018929698
53.211348526531566,397.7249803948646,33.39061774943974,105.69884519554498
10.717201133977605,463.5889097397263,142.60921012686373,67.26658713996474
44.741236682345466,117.32104092772677,133.27708271564128,22.906655302359326
53.261726645502314,199.65795790465407,193.20950102573545,46.01441546515118
24.247050363472965,76.20800666520871,152.2075580501566,13.078094452529077
26.924323094938096,496.2417510791876,190.1545415462676,82.39302036194059
37.728416310462265,463.50048396214765,140.50810030696138,121.63026167274874
2.007119777772637,269.9785651402798,59.61044172788863,64.20216929668914
32.20791655831783,421.01664718821064,21.072984450171294,104.22117247570876
21.144800699654464,260.4789886360211,156.36477266898711,47.75208942297019
32.74973521779147,311.7928440013799,128.8298442951832,63.72836228064187
11.976213181925122,44.56221605800831,9.637202478659246,4.417644954475943
89.0527280739895,377.63521024840395,72.01009318019567,113.62720195384459
59.359245355404866,63.85674181761741,191.35996309685723,25.892500132967697
67.91023191444896,413.0338151262642,100.08022914204024,94.13625031345705
78.91712386073382,391.0140438351929,86.54582720394093,112.34855214946039
49.84421989290573,354.3723488714882,91.5399210318588,85.08999712931714
8.69202880874237,18.08019026238106,41.77654480103274,-15.293677602029785
53.71065418185478,151.5641779726643,73.74143417295905,41.19016916036933
58.68411180208791,131.55628495542143,73.96265119743532,44.120992438168265
74.54394741843299,180.06820373575954,10.471004037494481,91.11539062602085
43.16595462296794,43.82137338191927,153.51352570358364,20.561430662847037
12.758030279556376,468.47891151553137,83.3008863807758,78.38989311380797
28.377590579872447,276.90112035618813,164.43597736328465,57.98578451902174
36.30822963986351,152.76215532901176,170.06960022397908,16.226545973952547
64.59172413316013,198.49075853714172,42.39881093973161,78.58104321890598
57.077830466891186,223.60127025241783,131.4706964340257,55.40085312234781
35.60967258978462,300.29716668030864,94.45636083259635,67.4822716603027
98.65152487929797,257.8397138482489,176.031347584297,96.54853692629095
60.577481935688716,459.6959866072087,43.14813583529082,105.04148901991451
23.72267917359945,248.48174145291512,135.56264006200885,34.03024202005195
10.178247262040374,496.07900741165633,121.55042445054451,86.31388940483696
15.285913918433202,425.7124788725479,59.06029551436656,97.2632116924827
24.595772838450813,104.2552571786679,27.320180730234522,15.22345902716711
16.06813732595557,465.29760732195814,130.32795209545532,59.73923893671821
18.656702405130577,58.183198942738045,147.71949162646615,1.6814532443762955
28.50951686938471,408.7248542455958,63.12546875267,95.20459040765373
17.33735952947548,190.31164673829005,128.96652080446276,45.83697452933777
89.67654246264252,438.9871602225348,79.02618152230065,120.10147150274418
8.023374566164222,434.02834505372516,142.64137665652353,72.43895255701477
52.451138957025464,402.9627000588106,39.84305497881062,114.37281133495125
41.03968269896615,395.01521815353067,178.04300052723488,63.021167930511524
98.23786169086064,152.33956954902038,57.48191929311594,69.9534450740927
11.203890216805235,40.45964152562609,73.55719755123059,8.242392557655354
39.785559904574164,201.49008938258072,11.618390416069957,63.52114600004657
96.94704332753689,86.76225749325434,22.30244246425528,58.497661984084964
86.55071258939803,347.47554445123086,103.17238054246562,102.79763724775704
81.707207094928,173.04986326889278,53.5185353455943,45.22844913255322
25.790282704493983,487.80510042995746,167.0960451484389,87.16407280005612
17.088758739006582,320.486038672666,2.9386777309907686,76.88280645648209
66.8643219924431,411.24028181718046,75.81880973438724,98.2753960436721
92.93759891275857,66.26233637092422,67.46910935381854,53.56419801107825
55.67628930139298,431.0072411363113,3.865526183520207,118.1217652676337
57.161268946989985,461.37859525669717,24.873679800102046,114.94349353624658
27.997909366028416,243.53095940946795,82.72853498372706,56.13693077650081
76.94929331919369,303.12646887548874,98.57291688948932,79.61532309289953
18.704374855752338,382.4049004514977,80.85794945097382,75.68125977611788
32.367923640424365,87.41931363020628,106.18753568241877,29.151232673903788
42.54364386164168,251.2830382317212,119.0263349811363,61.1955256887358
50.7610378684455,199.33151388615656,1.984764225567126,59.183032593258
24.240973241508023,73.18699608112456,92.81903189070077,19.71814669081678
11.483682473920354,183.7672111457657,192.69984817751765,30.371396554727735
61.06200424416326,34.08615469274678,103.80645602590974,6.468174672265235
28.863055324025577,12.905953474743493,135.50845349179065,15.052613657341398
58.123822142261226,67.58314457741137,62.37277158337664,32.97871544146451
15.436271527420232,481.5575557945869,154.7982756305525,92.80471869197456
48.114010185481746,274.76476794750846,154.584296375223,75.52399828117255
53.258943255158584,482.91108057660995,104.25920953082779,99.06902981751385
5.182353682242691,216.248939165066,195.2027646558427,19.226278184274808
33.660427819392055,155.9080665426298,25.110042952530677,42.61533596421187
13.441467693897424,253.07093142012204,3.3895329779161987,49.158431621937225
6.337497047276774,219.75584431645507,154.0316423514192,49.066118910155566
98.99602323899452,52.83234213087196,161.43110747297652,35.35364836010608
32.235384497472296,320.4131573451031,24.04144582411525,72.2407113404766
80.98744458546349,108.0190912547998,53.11656659172122,58.82977420054935
25.464065476376383,309.7939774489148,3.510472673325782,62.31828569987769
68.15027222239293,325.1005461990767,58.66172215611294,89.27226601783788
76.02278598896865,76.01242656432406,154.6283747837343,40.925573441477454
59.56387406078443,30.67481355533408,103.59210554251578,22.229085143382342
47.15761885501584,390.3807930342199,69.61911863365762,93.75918758198667
41.18409141472685,229.90021188466008,74.34785898126606,53.84398106168513
34.88682665429953,29.081897752737895,0.2707251430936308,8.088017271580313
92.95291442478259,497.4331585848836,59.96010551304718,143.1830104914557
83.06194077877291,28.89028049818332,129.2917483275861,51.92918237273692
96.50269106665125,347.5176144292766,194.83888876327143,98.45499585068819
12.429722348554472,491.8394626317068,169.4121653967799,89.8941783334161
73.08674752036443,119.5900521079628,4.718992929105825,66.91671244003278
93.83404568210378,71.12468434359809,179.71212093496786,30.47744265080773
18.123306616566015,60.69246971121445,156.6396826597252,22.561325565849433
6.6496267366777495,151.63757378379776,156.07522471419608,20.068093617906843
74.11206492900591,50.522905505323344,91.5991518007143,54.31926737638728
57.44731131799119,346.08067084706596,79.60105859090056,82.64935401407884
84.1828776758272,31.145899065031347,60.58314576663852,60.44292329983426
13.97723766262895,254.71106407489486,13.138971790873155,64.36848940755397
79.52673118598902,498.3484269264884,45.64707269873982,140.3987445669418
20.162732004774455,406.9851347530094,49.32072699560492,88.8865647969601
16.36559428657045,307.60971911550547,96.81541394204032,57.5379133914378
16.426579793099293,153.12681039330585,149.4888813193388,35.89508042801566
81.45747202313821,311.94791814581924,94.76196567958932,95.04572177125448
66.51972206962002,263.5207319558258,11.568889889432121,65.13642140116043
52.30654247691193,213.04169194518573,191.55796019764077,38.433948990659005
35.88304841235025,65.35518837009974,188.54486381882245,10.299617976385353
87.72005408131082,443.30210762023336,157.03790862968168,119.91664753338948
39.244510742263536,224.89232441066125,198.26558031284412,44.20827733298064
81.65994394715771,97.31125591038253,108.89646656005259,61.59228439758674
43.91349085702184,183.8796754386448,192.55367005064122,19.96629487078951
37.69444294249076,207.06487626446352,15.121008123350155,60.183975276854675
46.26797856696064,413.76894778343717,73.13614965227427,80.39437162106879
30.13778741641421,366.80719028070104,45.076253601353166,91.51982935905367
74.76093801762511,384.6524468206699,39.166616826854,109.44970954584112
50.27203900924791,5.515632214323607,28.16058977853522,27.619186689876337
23.22126951468173,208.07699908988076,124.48272831319933,32.13893213809942
89.95745732745685,240.6720758176618,156.264371149461,90.28135602889219
38.38912213732114,9.596138411528344,115.65967988407213,19.965067403147536
54.35528611139886,129.9066043725171,29.392541917641935,56.05515276855754
90.6472110964547,380.1449115610675,162.22475398669417,103.83493999313703
62.42379959139921,68.55485286449952,127.1909414327457,38.00234907827627
11.689804070836407,267.65506572629585,77.6331412253991,44.54367537826398
93.98321236134751,107.60093600861876,134.8260591072126,63.58474406188337
62.770805307141785,6.060387321946637,51.98099584856657,43.894189476342774
33.49056146570861,120.60072879977074,69.0384416988421,44.667687922716105
13.927207266338726,487.9368774550269,183.49716862639804,78.90523756346084
79.4025189270296,400.7685559414948,58.10090113428408,117.6590537111164
62.00727559285135,479.7883221605167,93.99765363158733,104.6301214277838
53.34610919763215,243.92702196318123,178.02822747920294,63.37953935528879
89.38925830509577,54.868099338751755,141.5442700535055,46.01985614357307
78.85972112245308,273.97974448684647,12.44064523294055,74.28358153998015
15.167487973275119,227.18866727998045,29.460608855794067,38.45757811793061
31.172206779554823,422.178541369808,1.5683181543833635,97.033590880863
24.848913981446575,49.04129039212229,126.18435804583268,6.605681793156212
74.3946292572677,244.1205685108891,89.53468508208367,64.97319046841523
3.353243473577938,75.02433234699213,26.854970180455105,17.885778481663724
56.98896848713165,162.33796344503,191.5868242113541,44.31813060084154
76.24586857406905,368.67853869389984,105.93194478912397,99.3227562271169
87.67656367617495,238.00906468438328,48.37865882257783,79.04431389112273
34.20817487159075,187.94414257288466,100.12071423094152,55.16791579144379
82.12573046720128,197.23813928501767,135.92406654702157,83.47215756678497
11.063173695520723,229.72338420299332,15.247843594712895,45.11586449042237
84.64522917345182,392.50827191852846,54.9407630095784,109.20852349792555
12.748866233198243,446.0423444701172,161.39309817679873,84.35566884706265
39.72872905603673,477.66734325196416,91.93297408053225,102.6242419728881
79.72953657795536,393.45169312764756,109.31542840645898,106.22959206722896
14.991742734877377,157.70344787400637,86.56320044189385,37.776772415297295
22.92513952326415,344.06735304327105,8.779988528601024,60.30448064235327
72.22525683930662,218.80156202769595,33.149955964031186,89.74096847731607
72.00365365460743,127.33531102302558,89.10832774837817,53.28486150036443
64.11476328852973,420.4357897129613,41.837093081585564,107.84589883307677
69.39484444671,19.213174481162497,9.995805731935747,36.64813500417943
54.27244433475962,450.88099606771175,168.72993281036474,100.06372165009088
25.179905890695274,230.7387323123671,196.23850583282317,21.80183579008948
34.56959935039195,318.6007384041402,158.6285747993479,80.09147215062158
18.159771680142565,329.67696110289137,170.7569843409334,58.352835949262406
90.84505613336283,447.55887035326816,48.395426063409076,134.5247808354679
58.339179476612046,318.33484108360364,192.12539510263994,83.1395161505032
40.08514167636399,306.9667923800309,39.385140890685676,67.28579064951661
46.20058036441327,33.326020280344984,190.28596207236646,15.471617021391271
94.72833396118153,259.204010972602,198.9638587931902,76.63217238680421
15.33514031160802,75.08450040852082,142.34456114920974,16.91772187475214
58.62298320167972,368.71688436074277,196.2287463583644,62.159719633637025
50.5888678884466,256.11096040633726,113.90795591342074,64.13488743173599
61.14542354346478,340.1138896041767,51.90835663521807,87.3764474712063
1.8110183820840509,20.836450301192134,87.39917713312417,0.6555110443095895
87.21239089441515,42.39600802290161,118.71218707575719,44.9146202178942
93.21182824836124,358.16169403134114,14.616312405402997,109.7003627416883
56.51331835892089,36.042167999336684,124.46865292344921,15.896488845222423
69.66508238768922,35.6283638826293,196.2355673524589,21.228003549551286
92.24993811772957,6.054237617443725,38.021529956745525,34.56724131352689
70.72386343133986,478.25069914974006,158.51902325767665,123.58000617437155
15.253904291426135,368.75417972950345,181.57975875592388,59.527740211546906
57.62883601668132,176.6257042510321,188.74031856404417,16.195644808926247
60.67150463828559,148.26779064382762,192.02712088108944,37.03837779358132
42.4130671302386,174.85161487292478,104.29192774429438,35.3622255568351
73.64442356247228,387.3267655905909,195.46158159830074,78.4286485849148
93.43670147690149,330.6853055352072,151.46204142688777,85.3349413205777
92.55685129067763,92.59778393373396,32.33428724739238,62.65863842567607
45.08393714041321,87.05466766704217,95.380021293594,43.70130825673796
11.323804584075525,49.19782485669866,143.6662350744008,4.266688494587216
98.48411989623345,330.15135985066905,49.468063163816666,104.26049171971147
83.88980864459342,382.18633111086797,128.12303670977747,110.12890882519957
12.466268120326685,132.523214162502,133.32009580932385,14.814864209541442
92.08418826173724,10.472480515456406,32.53994876171318,37.936591666157135
86.98963620621282,41.08583373821367,113.01706249055125,28.866651919364173
51.88380571260721,483.9300174225152,154.32538219572155,89.77708005371733
59.127543574492925,147.72238873871012,99.77913290718838,45.231099178675194
39.90027038701302,384.6115739190668,2.420623355221485,98.21092254099905
5.476163882203133,312.3317844271319,1.8076938158584355,64.0574327447932
33.519724164590095,190.96981982644795,71.40586879400243,43.653569888710805
80.28534485980114,102.84363109777756,185.2388136863564,32.73005667385263
0.4632023004602859,60.693209079703216,45.73535592072175,13.879169290948298
33.34991716911442,307.5064840194333,126.87273777433742,52.31766241154428
39.81686935909433,387.31689031889397,44.41517413866411,100.69057446789432
53.73956029379229,321.9521267705653,64.33399793190972,74.804635518551
91.98556164127605,265.15106662457913,169.6084179202968,74.53779997999382
34.634599436596126,20.975611715818133,145.77228845398938,-7.732658690094016
34.69532018962277,484.2443887971919,19.079855462642126,107.27453083912918
73.75012481097484,399.3570958272873,85.74040419728672,117.925565735996
45.221794088980715,146.41101835048238,5.833952729052894,56.46598632612111
22.460482293998197,489.98516467942534,96.1780293206018,109.39369227110434
45.24395161326934,300.94079481816107,132.48680234021361,74.78287999558488
14.085702037979985,291.21132910362326,23.700524719630312,51.878366082447926
17.63869865062233,374.0365897147661,57.776987781833135,74.54107624680549
49.83677727394797,405.8848940450688,79.56732510043139,90.33664364476998
41.89254495045479,328.2393036657513,183.90620493120994,81.50926175564706
91.48459010681,64.04787318310001,198.65100308459282,26.7188829173026
36.23938991166331,169.1337529972492,8.98225979912317,59.98519646926028
58.05883502780434,464.04182016302485,152.2015846990784,115.547161777687
63.22642879195304,112.30780592192596,74.34481328046864,64.93649626947573
1.3094456588333636,186.08351191875667,78.491637245896,25.92539556228344
66.35373720167107,216.038441472098,150.85299466940455,68.4224790241163
17.803596686975144,219.7024948472261,183.68528642908174,57.290287035413044
96.10703174694551,306.4697912472628,190.18571890050967,84.15248546353739
14.866272775311295,471.5379188723538,115.42451720766415,74.84786596603641
41.462412372702374,120.34635591625248,71.42423186010056,18.857953844513986
8.534966807864386,60.750688150459034,157.50981717175586,7.793759605461729
99.68742518459473,98.73524492996866,50.200276652460055,45.739231832459254
50.21950103312426,443.46245010463474,112.81480576670356,98.7975694314395
59.53850173200438,322.90540632760303,71.71569230497464,91.55189477141495
6.7076477388427485,142.95339461958005,131.32621474157523,20.663636687479002
74.99604703991778,407.9734694843086,48.07978257870138,118.5391878007922
20.990559309558577,430.684998181718,38.31858914696515,95.02331893443493
89.80542894407138,423.257169345139,183.6478173350874,123.97802474068868
20.513964048200716,459.46326681977723,20.36073658990738,90.59039792167708
19.068772066366655,126.1205100866808,101.19158154698633,17.869378511235546
3.654966784809488,377.5209643731391,44.170556592601784,65.18802615506416
47.206694510999924,230.26974863707,7.78599266513349,77.18061583502671
56.48411332626164,420.9992764450308,7.203763658285278,120.7255214702591
6.570863942835237,364.2453385808066,35.044354421165465,77.1423174386475
77.55276166950105,388.2237232498623,173.35407090120006,110.92065506350227
45.32888347480276,328.08091884053573,56.49574879540533,70.85064195220419
52.439026932758004,88.71438473485344,190.09183411505916,41.62544811735515
44.07627469382282,272.5134594484692,116.32445859783871,80.14076959394396
40.0763060875326,492.33486976225413,87.32283795375322,117.12906317329927
55.96403313082179,468.69403324855944,116.01776693389093,127.93703560944428
15.52402459307125,21.586867898505837,103.33967704525355,-14.820813905066302
18.19281304952711,82.40740786471856,151.75525075146504,5.1578816599342465
86.17856210135173,65.86438672728096,56.49921319457045,43.259202469855495
94.61154621336327,362.98995499264777,70.61007832006048,120.05754951077857
37.330931627975296,408.8926649284725,178.81886050665014,72.06070535299568
27.074467314355378,106.75568315533596,189.2913026300811,23.53419151861162
64.39995432390158,252.9263464759145,178.5116454972949,78.63944334737134
40.87341710980964,420.3515140056,83.88959879146272,103.07008047771856
2.538635566034486,366.4007723831253,156.07310060137632,61.779672436119675
15.615259736619036,271.11860274592414,95.26714666021977,42.62590234246488
71.59722288473975,295.1738452293865,99.50797042922044,76.41407378407148
65.89239419101514,254.18027345814,40.93602181145679,92.18483865895656
2.709599250348349,148.7742256594103,118.22606065170329,27.08052873093923
22.197216193294945,282.51099642950805,37.22717955066959,63.487894233706676
23.10747965880714,344.44265102504534,66.31293981343876,69.63188059540987
67.18927435987284,436.66145793040386,171.00604032398704,83.56824600250472
1.9710537754364155,318.14567698962406,41.415161842171045,49.76462191458153
10.410858198457385,380.560768521579,14.231657034686563,99.00860797147308
79.99160853731894,80.0358174772865,13.80151852256326,41.818260201835784
17.85446620543336,230.77873720989496,188.15690410062157,38.16208834684432
65.27461078518748,4.6658099135466475,101.38408759236692,33.50649834801836
23.81827810467265,123.3394322608115,81.88241436340367,15.839557388135335
9.944139275934516,363.23085755650243,162.1757162015837,63.24777427692021
24.317219099945408,495.90497567468174,167.1651855821032,104.00224150180529
72.22669318556592,49.589049793607956,66.43820662312092,39.51232910826496
85.56964681062857,200.74715793064414,138.72361149475904,97.74592439863488
83.02198645669915,400.03548434957975,154.2245631703773,89.40964119244585
39.71835296184548,102.01781731444942,130.93013737319092,37.75701150533233
66.80851365706462,277.5424746511431,30.319014960019874,84.1528328887943
20.498429541582098,366.5356480148374,175.1766167034114,73.75788425178416
29.314773026101328,307.9927251300895,107.81891054720174,69.88711200134085
89.63358185211197,94.01236730770806,56.49448527400074,50.638253889097555
1.3001923510736035,177.6922843428697,85.04563708753878,29.973953259950264
8.550853085446807,391.8958922426986,7.514218079781476,63.324168669302125
20.78862551460273,277.1132570660083,25.57336024448351,69.29210315176861
2.6532203873819715,2.6148067714563683,153.10935010317218,-10.479778802429703
18.143543508979732,380.49538001404693,0.002326951073228223,91.55721674862293
58.304156096969216,17.655677470119535,83.31316569645844,34.93308022373417
42.1424550592498,372.8668913656161,104.50203621711769,88.87060058313347
89.26717110769748,101.24028008261871,10.926884000194459,65.26984736833579
81.7443561738441,479.0367400596901,194.61563259446658,108.40727947280048
34.1817351697876,183.97037565104225,45.225066249934386,42.2402284536183
25.94234334312925,163.46580816903955,60.83974392725617,51.44770511442023
37.96924081672669,74.44402516622233,60.78850245100546,42.15792925356705
59.02949425148078,152.80210774510743,46.08333242346998,53.08573106929433
26.806364082287626,438.32538091410026,0.2947644172622832,101.49880925477038
62.4148907849134,498.1671688136237,145.86895881759926,107.20783952348384
40.941165219124045,184.15476525342416,193.36909995985707,49.692194116935596
55.204718085198024,224.30531547727128,44.85869665700901,74.63172070927014
43.61265291353167,361.0354691013685,132.6094383606845,100.16465080560857
29.44657595419177,443.0978902325373,148.37926539174302,79.72170871263164
94.84533069621567,296.52216709339206,169.68507581810493,85.97851219479357
76.36057941597608,195.76284908891466,84.52583940272183,71.19473481075451
14.011317576645254,206.31092042431186,60.58618112808585,48.67412013763412
86.84679758979128,347.8090732484034,65.05902680460622,104.32263438863937
48.743119824951364,1.6091318021393408,142.52426661970256,1.7113487063962882
89.45522268940914,309.7946687299203,163.3558933011272,99.16503104981163
79.98552559473153,177.7465052206787,36.32279355132053,79.12113811182526
42.52135044692334,397.0986656385421,74.18820163155304,84.09884718237755
2.24693083201174,46.49531991156608,180.38803934983002,5.938153474391038
26.867735938494608,294.10113347419525,161.33870393894784,67.8222113621576
54.16342146608669,240.48644494306188,196.97168055249517,56.82479663888412
63.347821982614725,321.1627629526137,150.84965193641614,81.61747701194886
25.788768543320227,32.426797241484174,78.63904020558445,17.056417410557575
13.935607407282413,289.99189371406567,118.12756679892755,44.536395063999
83.4930236799299,280.7422939797619,132.20285084946406,84.97500034261174
98.44021807035521,280.3300472080855,15.69116326342479,82.19316670436044
52.56901823026858,301.7438332982274,108.89939182077302,84.50789304773183
17.16792858483035,338.2339686131811,141.86416569452192,46.429409221180606
27.230732651936897,402.4944998403849,33.464260800212074,105.80203849831422
1.8390676547466733,134.91036006410718,156.12634348511142,8.987770552019125
91.4298806560499,412.52470509003103,116.75455610282232,114.42775591643718
11.775108289014113,249.12784113172683,190.44435713951893,30.391347596055475
57.651647551425356,38.52913956716558,8.48445964137834,32.8028169857872
27.4055220687206,29.2754646219896,53.0652275110934,28.436644659129243
55.417800251579344,167.1191593480304,120.31077585996482,24.22356784404848
65.14203883518643,392.4484885557338,59.31198244118614,117.89917274550324
82.97418037072016,353.8404673704579,142.88483281424845,101.34693518904389
20.64212717606032,394.30748233620324,151.8010565043862,61.932237926260036
1.0995828658480478,258.63452822080467,20.50319281329489,39.473253865263096
13.688563006880727,220.09949897774527,102.77089284135354,57.3510222869361
90.00186418481051,73.72626335314197,101.77811111821117,40.11330485178523
87.38900775625153,164.09637680465576,73.85615404310822,57.5946587287865
59.74131021703083,217.00968308693763,186.58497251393442,65.98723989815679
60.051686043365336,44.30021483980862,165.50126397464425,25.72128835503911
66.50366745462554,110.30597635560562,139.44187638192736,31.98958559487717
17.53712786234496,299.1126470318694,142.8653271469995,56.47081037689261
91.44119459249598,367.83155711959495,92.34322876262382,99.79505900750182
41.87705248920731,499.1737556964748,184.19890421931518,113.36160094619314
38.31385282494975,466.55666567177883,138.91908545065706,109.19006065049628
51.89177052828376,321.28259976759574,145.79621233116328,80.94284597276413
4.696596677505505,210.624026647036,172.33818075746905,30.855896204883216
16.628336875607943,318.0886823541164,54.8143178684382,84.06235437045717
73.80336164263704,392.825809040116,161.4141807733406,99.32228782588992
8.279866792512646,59.16809546169366,39.04812059129841,0.24999917525720328
60.31521094663882,204.95244484814413,69.06839044897757,68.73599452637356
24.534910968132095,419.9011428178086,67.12209085396854,110.39594545760207
38.929561404197656,191.916475966522,195.7050936778281,28.129971595761894
28.869373677069987,285.93613561359325,171.30744474958536,50.87654181935526
35.567271646494916,293.8846804310991,140.23397231805194,66.70163505867662
71.90459051842456,92.23812656681967,145.41135232307803,39.31973685021102
29.7121715623175,181.1177208261442,112.41455888051422,30.01513825456302
56.64046402968972,167.25564437096608,189.41813342170383,54.0481261091724
47.60504021990997,13.098354266032397,99.2517505764723,39.697423125686825
66.36711653626482,12.095881945677622,76.1035419739789,29.953695050109115
93.6829739324758,415.8485218378867,32.6070673863182,117.70980169782342
73.25720972102503,136.5354049864062,157.2411304522116,32.72196756203785
21.494037859075675,259.0393831194077,146.8887864151183,50.44577672411937
3.1183135061284672,149.36278679438652,76.87100770482698,34.78338677462142
26.22640442998251,470.3396225576703,5.038682791845872,111.42893591229455
59.507793070025485,129.64837943288688,167.79946554360214,38.879587458041364
5.1425813484250344,214.82840636946753,2.2835966908147265,39.415895761131495
49.636624720123635,436.3651252423009,140.7399559258102,87.0957054887601
59.68428489168892,420.9667833959043,194.05142194521142,102.977870193753
33.424389081696084,93.05070892313866,87.53226562964069,35.70682597636756
77.09122037458219,401.3216548978552,46.99468099919055,98.65317520003575
10.65982531337718,229.09344336894634,140.97420200867634,52.94957091141707
7.513778173580876,241.4844360426776,163.42562840311703,41.45192566395427
72.81887562036033,66.7399862079719,109.28606321556946,52.82477518167553
49.549131620619846,40.300756878562325,193.40705505122924,0.07273419604831055
68.84023964277361,363.9696534868826,10.333744331592221,92.52243453144972
43.48273386037462,248.23057617764988,100.95911966090563,59.80187710195376
24.640203323910683,218.42535130758978,143.69078946451,46.66393724597424
81.91023176741997,364.75411432619836,172.5280942298358,114.61673755523573
79.94158789689793,382.7564494955549,35.85112238155801,119.99776074755546
69.46964708544267,79.45408383467678,160.00069635273627,32.198757906262735
27.21451372299627,305.1125747388206,110.54141514370906,53.31193821823244
59.023066686908706,67.67704113884277,79.31073639799264,47.41587365861514
36.09738969400268,375.6875430145228,26.343005715818713,80.90484862081688
9.158207332663416,328.47757813356975,173.05915178178248,69.25338966259062
91.73135754622427,478.30731054172895,31.45464163594307,135.53783022179854
13.68186309189614,34.47900817821059,61.95757184181985,23.446796723586708
95.02373538208025,28.52736057562716,58.009106392487375,54.2057420675096
44.600577295795574,141.09353734660007,174.28280683817087,31.720760538976133
